{ 
"dsq-page": {
    "title": "Deal Status Queue"
    },
"deal-review": {
    "title": "Deal Reviews Sample Page for Testing"
    },
  
  "styles": [{
    "style": " <link rel='stylesheet' href='../css/vendor/baseline.css'>"
  }, {
    "style": " <link rel='stylesheet' href='../css/vendor/dates.css'>"
  }, {
    "style": " <link rel='stylesheet' href='../css/vendor/icons.css'>"
  }, {
    "style": " <link rel='stylesheet' href='../css/vendor/select2.css'>"
  }, {
    "style": " <link rel='stylesheet' href='../css/vendor/font-awesome.css'>"
  }, {
    "style": " <link rel='stylesheet' href='../css/ereg.css'>"
  }, {
    "style": " <link rel='icon' href='../img/favicon.ico' type='image/x-icon'>"
  }],

  "scripts-top": [{
    "script": "<script src='../js/jquery_js/jquery-1.11.1.min.js'></script>"
  }, {
    "script": "<script src='../js/bootstrap_js/bootstrap.js'></script>"

  }],


  "scripts-bottom": [{
    "script": "<script src='../js/bootstrap-datepicker_js/bootstrap-datepicker.js'></script>"
  }, {
    "script": "<script src='../js/select2/select2.js'></script>"
  }, {
    "script": "<script src='../js/select2-custom.js'></script>"
  }, {
    "script": "<script src='../js/baseline.js'></script>"
  }, {
    "script": "<script src='../js/placeholder.js'></script>"
  }, {
    "script": "<script src='../js/clear-input.js'></script>"
  }, {
    "script": "<script src='../js/table-fixed-header.js'></script>"
  }, {
    "script": "<script src='../js/smil.check.js'></script>"
  }, {
    "script": "<script src='../js/smil.user.js'></script>"
  }, {
    "script": "<script src='../js/back-to-top.js'></script>"
  }, {
    "script": "<script src='../js/clear-input.js'></script>"
  }, {
    "script": "<script> $(function () { $(\"[data-toggle='tooltip']\").tooltip(); }); </script>"
  }] 
}